-- Seed data for the Gan Nuna Banuna pilot.
-- Safe to run after 0001 and 0002. Uses fixed UUIDs and ON CONFLICT so it is idempotent.
-- Profiles (teacher/parent) are linked separately AFTER you create the auth users
-- (see docs/12-supabase-setup.md, "Link pilot users").

-- Daycare ------------------------------------------------------------------
insert into public.daycares (id, client_id, name)
values ('11111111-1111-1111-1111-111111111111', 'nuna-banuna', 'גן נונה בנונה')
on conflict (id) do nothing;

-- Children -----------------------------------------------------------------
insert into public.children (id, daycare_id, full_name, birth_date, gender, notes) values
  ('a0000000-0000-0000-0000-000000000001', '11111111-1111-1111-1111-111111111111', 'נועה כהן', '2024-01-15', 'female', 'אלרגיה לאגוזים'),
  ('a0000000-0000-0000-0000-000000000002', '11111111-1111-1111-1111-111111111111', 'יובל לוי', '2023-03-20', 'male', null),
  ('a0000000-0000-0000-0000-000000000003', '11111111-1111-1111-1111-111111111111', 'תמר גולן', '2023-11-08', 'female', 'לא הגיעה היום - חולה'),
  ('a0000000-0000-0000-0000-000000000004', '11111111-1111-1111-1111-111111111111', 'אורי פרידמן', '2024-11-30', 'male', null),
  ('a0000000-0000-0000-0000-000000000005', '11111111-1111-1111-1111-111111111111', 'מיה שמיר', '2024-02-14', 'female', null),
  ('a0000000-0000-0000-0000-000000000006', '11111111-1111-1111-1111-111111111111', 'רון אברהם', '2023-04-05', 'male', 'עזב מוקדם - פגישת רופא'),
  ('a0000000-0000-0000-0000-000000000007', '11111111-1111-1111-1111-111111111111', 'שירה ביטון', '2024-03-22', 'female', null)
on conflict (id) do nothing;

-- Guardians ----------------------------------------------------------------
insert into public.guardians (id, daycare_id, full_name, phone, email, relationship_type) values
  ('b0000000-0000-0000-0000-000000000001', '11111111-1111-1111-1111-111111111111', 'רחל כהן', '050-1234567', 'rachel.cohen@example.com', 'אמא'),
  ('b0000000-0000-0000-0000-000000000002', '11111111-1111-1111-1111-111111111111', 'דוד כהן', '052-7654321', null, 'אבא'),
  ('b0000000-0000-0000-0000-000000000003', '11111111-1111-1111-1111-111111111111', 'מיכל לוי', '054-9876543', 'michal.levi@example.com', 'אמא'),
  ('b0000000-0000-0000-0000-000000000004', '11111111-1111-1111-1111-111111111111', 'אמיר גולן', '058-3214567', null, 'אבא'),
  ('b0000000-0000-0000-0000-000000000005', '11111111-1111-1111-1111-111111111111', 'דינה גולן', '050-6543210', 'dina.golan@example.com', 'אמא'),
  ('b0000000-0000-0000-0000-000000000006', '11111111-1111-1111-1111-111111111111', 'ליאת פרידמן', '052-1122334', 'liat.fridman@example.com', 'אמא'),
  ('b0000000-0000-0000-0000-000000000007', '11111111-1111-1111-1111-111111111111', 'יוסי שמיר', '054-5566778', null, 'אבא'),
  ('b0000000-0000-0000-0000-000000000008', '11111111-1111-1111-1111-111111111111', 'כרמית שמיר', '050-8877665', 'carmit.shamir@example.com', 'אמא'),
  ('b0000000-0000-0000-0000-000000000009', '11111111-1111-1111-1111-111111111111', 'ענת אברהם', '058-9900112', 'anat.avraham@example.com', 'אמא'),
  ('b0000000-0000-0000-0000-000000000010', '11111111-1111-1111-1111-111111111111', 'עומר ביטון', '052-4433221', null, 'אבא'),
  ('b0000000-0000-0000-0000-000000000011', '11111111-1111-1111-1111-111111111111', 'טלי ביטון', '054-1122000', 'tali.biton@example.com', 'אמא')
on conflict (id) do nothing;

-- Child <-> guardian links -------------------------------------------------
insert into public.child_guardians (child_id, guardian_id, is_primary_contact) values
  ('a0000000-0000-0000-0000-000000000001', 'b0000000-0000-0000-0000-000000000001', true),
  ('a0000000-0000-0000-0000-000000000001', 'b0000000-0000-0000-0000-000000000002', false),
  ('a0000000-0000-0000-0000-000000000002', 'b0000000-0000-0000-0000-000000000003', true),
  ('a0000000-0000-0000-0000-000000000003', 'b0000000-0000-0000-0000-000000000004', true),
  ('a0000000-0000-0000-0000-000000000003', 'b0000000-0000-0000-0000-000000000005', false),
  ('a0000000-0000-0000-0000-000000000004', 'b0000000-0000-0000-0000-000000000006', true),
  ('a0000000-0000-0000-0000-000000000005', 'b0000000-0000-0000-0000-000000000007', false),
  ('a0000000-0000-0000-0000-000000000005', 'b0000000-0000-0000-0000-000000000008', true),
  ('a0000000-0000-0000-0000-000000000006', 'b0000000-0000-0000-0000-000000000009', true),
  ('a0000000-0000-0000-0000-000000000007', 'b0000000-0000-0000-0000-000000000010', false),
  ('a0000000-0000-0000-0000-000000000007', 'b0000000-0000-0000-0000-000000000011', true)
on conflict (child_id, guardian_id) do nothing;

-- Attendance for today -----------------------------------------------------
insert into public.attendance_records (daycare_id, child_id, attendance_date, status) values
  ('11111111-1111-1111-1111-111111111111', 'a0000000-0000-0000-0000-000000000001', current_date, 'arrived'),
  ('11111111-1111-1111-1111-111111111111', 'a0000000-0000-0000-0000-000000000002', current_date, 'arrived'),
  ('11111111-1111-1111-1111-111111111111', 'a0000000-0000-0000-0000-000000000003', current_date, 'not_arrived'),
  ('11111111-1111-1111-1111-111111111111', 'a0000000-0000-0000-0000-000000000004', current_date, 'late'),
  ('11111111-1111-1111-1111-111111111111', 'a0000000-0000-0000-0000-000000000005', current_date, 'arrived'),
  ('11111111-1111-1111-1111-111111111111', 'a0000000-0000-0000-0000-000000000006', current_date, 'left_early'),
  ('11111111-1111-1111-1111-111111111111', 'a0000000-0000-0000-0000-000000000007', current_date, 'arrived')
on conflict (child_id, attendance_date) do nothing;

-- Contracts ----------------------------------------------------------------
insert into public.contracts
  (id, daycare_id, child_id, guardian_id, file_name, status, activity_year, period_start, period_end, sent_at, expiry_date) values
  ('c0000000-0000-0000-0000-000000000001', '11111111-1111-1111-1111-111111111111', 'a0000000-0000-0000-0000-000000000001', 'b0000000-0000-0000-0000-000000000001', 'contract-child-001.pdf', 'sent',   '2025-2026', '2025-09-01', '2026-07-31', '2026-05-01T10:00:00Z', '2026-07-31'),
  ('c0000000-0000-0000-0000-000000000002', '11111111-1111-1111-1111-111111111111', 'a0000000-0000-0000-0000-000000000002', 'b0000000-0000-0000-0000-000000000003', 'contract-child-002.pdf', 'signed', '2025-2026', '2025-09-01', '2026-07-31', '2025-09-10T09:00:00Z', '2026-07-31'),
  ('c0000000-0000-0000-0000-000000000003', '11111111-1111-1111-1111-111111111111', 'a0000000-0000-0000-0000-000000000003', 'b0000000-0000-0000-0000-000000000004', 'contract-child-003.pdf', 'signed', '2025-2026', '2025-09-01', '2026-07-31', '2025-09-10T09:00:00Z', '2026-07-31'),
  ('c0000000-0000-0000-0000-000000000004', '11111111-1111-1111-1111-111111111111', 'a0000000-0000-0000-0000-000000000004', 'b0000000-0000-0000-0000-000000000006', 'contract-child-004.pdf', 'sent',   '2025-2026', '2025-09-01', '2026-07-31', '2026-04-28T14:30:00Z', '2026-07-31'),
  ('c0000000-0000-0000-0000-000000000005', '11111111-1111-1111-1111-111111111111', 'a0000000-0000-0000-0000-000000000005', 'b0000000-0000-0000-0000-000000000008', 'contract-child-005.pdf', 'signed', '2025-2026', '2025-09-01', '2026-07-31', '2025-09-10T09:00:00Z', '2026-07-31'),
  ('c0000000-0000-0000-0000-000000000006', '11111111-1111-1111-1111-111111111111', 'a0000000-0000-0000-0000-000000000006', 'b0000000-0000-0000-0000-000000000009', 'contract-child-006.pdf', 'expired','2024-2025', '2024-09-01', '2025-07-31', '2024-09-05T11:00:00Z', '2025-07-31'),
  ('c0000000-0000-0000-0000-000000000007', '11111111-1111-1111-1111-111111111111', 'a0000000-0000-0000-0000-000000000007', 'b0000000-0000-0000-0000-000000000011', 'contract-child-007.pdf', 'signed', '2025-2026', '2025-09-01', '2026-07-31', '2025-09-10T09:00:00Z', '2026-07-31')
on conflict (id) do nothing;

-- Daily report for today ---------------------------------------------------
insert into public.daily_reports (id, daycare_id, report_date, title)
values ('d0000000-0000-0000-0000-000000000001', '11111111-1111-1111-1111-111111111111', current_date, 'סיכום יום')
on conflict (daycare_id, report_date) do nothing;

insert into public.daily_activities (id, report_id, title, description, activity_time, category) values
  ('d1000000-0000-0000-0000-000000000001', 'd0000000-0000-0000-0000-000000000001', 'מפגש בוקר', 'שירי בוקר, שיחה קצרה על מזג האוויר והיכרות עם סדר היום.', '09:00', 'learning'),
  ('d1000000-0000-0000-0000-000000000002', 'd0000000-0000-0000-0000-000000000001', 'יצירה בצבעי ידיים', 'הילדים יצרו ציורים חופשיים עם צבעים וחומרים רכים.', '10:30', 'creative'),
  ('d1000000-0000-0000-0000-000000000003', 'd0000000-0000-0000-0000-000000000001', 'משחק תנועה בחצר', 'פעילות תנועה, קפיצות, ריצה ומשחקי כדור קלים.', '11:45', 'outdoor')
on conflict (id) do nothing;

insert into public.daily_meals (id, report_id, meal_type, title, description, meal_time) values
  ('d2000000-0000-0000-0000-000000000001', 'd0000000-0000-0000-0000-000000000001', 'breakfast', 'ארוחת בוקר', 'כריך גבינה, ירקות חתוכים ופרי.', '08:30'),
  ('d2000000-0000-0000-0000-000000000002', 'd0000000-0000-0000-0000-000000000001', 'lunch', 'ארוחת צהריים', 'אורז, קציצות ירק, סלט ומים.', '12:30'),
  ('d2000000-0000-0000-0000-000000000003', 'd0000000-0000-0000-0000-000000000001', 'snack', 'ארוחת ביניים', 'יוגורט, פרי וקרקרים.', '15:30')
on conflict (id) do nothing;

insert into public.daily_notes (id, report_id, child_id, note_type, text) values
  ('d3000000-0000-0000-0000-000000000001', 'd0000000-0000-0000-0000-000000000001', 'a0000000-0000-0000-0000-000000000003', 'health', 'לא הגיעה היום עקב מחלה.'),
  ('d3000000-0000-0000-0000-000000000002', 'd0000000-0000-0000-0000-000000000001', 'a0000000-0000-0000-0000-000000000004', 'general', 'הגיע באיחור קל בבוקר.'),
  ('d3000000-0000-0000-0000-000000000003', 'd0000000-0000-0000-0000-000000000001', 'a0000000-0000-0000-0000-000000000006', 'health', 'יצא מוקדם לפגישה אצל רופא.')
on conflict (id) do nothing;

-- Messaging (sender null = from the daycare) -------------------------------
insert into public.message_threads (id, daycare_id, title, subtitle, avatar_initial)
values ('e0000000-0000-0000-0000-000000000001', '11111111-1111-1111-1111-111111111111', 'נונה - הגננת', 'גן נונה בנונה', 'נ')
on conflict (id) do nothing;

insert into public.messages (id, thread_id, sender_id, body, created_at) values
  ('e1000000-0000-0000-0000-000000000001', 'e0000000-0000-0000-0000-000000000001', null, 'בוקר טוב! נועה הגיעה בשמחה הבוקר.', now() - interval '6 hours'),
  ('e1000000-0000-0000-0000-000000000002', 'e0000000-0000-0000-0000-000000000001', null, 'היא נהנתה מאוד מפעילות היצירה.', now() - interval '3 hours'),
  ('e1000000-0000-0000-0000-000000000003', 'e0000000-0000-0000-0000-000000000001', null, 'מחר נצא לטיול, נא להביא כובע ובקבוק מים.', now() - interval '1 hours')
on conflict (id) do nothing;

-- Notifications (broadcast) ------------------------------------------------
insert into public.notifications (id, daycare_id, recipient_id, type, title, body, is_read) values
  ('f0000000-0000-0000-0000-000000000001', '11111111-1111-1111-1111-111111111111', null, 'contract', 'חוזה ממתין לחתימה', 'החוזה השנתי של נועה ממתין לחתימתך.', false),
  ('f0000000-0000-0000-0000-000000000002', '11111111-1111-1111-1111-111111111111', null, 'message', 'הודעה חדשה מהגננת', 'נונה שלחה עדכון על הטיול ביום שלישי.', false),
  ('f0000000-0000-0000-0000-000000000003', '11111111-1111-1111-1111-111111111111', null, 'event', 'אירוע קרוב', 'מסיבת סוף שנה תתקיים ביום חמישי ב-17:00.', true)
on conflict (id) do nothing;

-- Calendar events ----------------------------------------------------------
insert into public.calendar_events (id, daycare_id, title, event_date, event_time, type) values
  ('aa000000-0000-0000-0000-000000000001', '11111111-1111-1111-1111-111111111111', 'טיול לגן החיות', current_date + 3, '09:00 - 13:00', 'trip'),
  ('aa000000-0000-0000-0000-000000000002', '11111111-1111-1111-1111-111111111111', 'חוג חיות', current_date + 6, '16:30', 'event'),
  ('aa000000-0000-0000-0000-000000000003', '11111111-1111-1111-1111-111111111111', 'פגישת הורים', current_date + 10, '18:00', 'meeting'),
  ('aa000000-0000-0000-0000-000000000004', '11111111-1111-1111-1111-111111111111', 'מסיבת סוף שנה', current_date + 14, '17:00', 'event'),
  ('aa000000-0000-0000-0000-000000000005', '11111111-1111-1111-1111-111111111111', 'יום חופש - חג שבועות', current_date + 18, 'כל היום', 'holiday')
on conflict (id) do nothing;
